Beach,Date,Total_Coliforms,E_Coli,Enterococci,Sufficient,OBJECTID
Balbriggan,10/05/2010,27,18,2,n/r ,0
Balbriggan,11/05/2010,52,41,0,n/r ,1
Balbriggan,18/05/2010,18,9,1,n/r ,2
Balbriggan,25/05/2010,118,55,29,n/r ,3
Balbriggan,31/05/2010,210,82,1,n/r ,4
Balbriggan,08/06/2010,4200,2700,680,n/r ,5
Balbriggan,09/06/2010,2187,565,108,n/r ,6
Balbriggan,14/06/2010,73,18,31,n/r ,7
Balbriggan,21/06/2010,9,9,9,n/r ,8
Balbriggan,22/06/2010,10,10,2,n/r ,9
Balbriggan,28/06/2010,127,36,4,n/r ,10
Balbriggan,06/07/2010,200,73,13,n/r ,11
Balbriggan,07/07/2010,270,109,39,n/r ,12
Balbriggan,08/07/2010,10,10,0,n/r ,13
Balbriggan,13/07/2010,91,136,126,n/r ,14
Balbriggan,20/07/2010,740,500,200,n/r ,15
Balbriggan,21/07/2010,1259,420,85,n/r ,16
Balbriggan,26/07/2010,9,9,1,n/r ,17
Balbriggan,03/08/2010,27,18,7,n/r ,18
Balbriggan,05/08/2010,52,20,1,n/r ,19
Balbriggan,09/08/2010,145,55,53,n/r ,20
Balbriggan,16/08/2010,36,9,1,n/r ,21
Balbriggan,18/08/2010,934,441,34,n/r ,22
Balbriggan,23/08/2010,240,73,26,n/r ,23
Balbriggan,30/08/2010,340,127,3,n/r ,24
Balbriggan,08/09/2010,481,52,6,n/r ,25
Balbriggan,13/09/2010,2500,550,27,n/r ,26
Balbriggan,30/05/2012,,74,55,n/r,27
Balbriggan,13/06/2012,,96,45,n/r,28
Balbriggan,18/06/2012,,31,4,n/r,29
Balbriggan,02/07/2012,,109,41,n/r,30
Balbriggan,17/07/2012,,41,6,n/r,31
Balbriggan,31/07/2012,,31,1,n/r,32
Balbriggan,14/08/2012,,98,11,n/r,33
Balbriggan,28/08/2012,,10462,1310,n/r,34
Balbriggan,22/05/2013,,63,9,n/r,35
Balbriggan,26/05/2013,,52,2,n/r,36
Balbriggan,04/06/2013,,63,7,n/r,37
Balbriggan,19/06/2013,,109,113,n/r,38
Balbriggan,02/07/2013,,10,1,n/r,39
Balbriggan,17/07/2013,,73,17,n/r,40
Balbriggan,06/08/2013,,20,8,n/r,41
Balbriggan,19/08/2013,,201,22,n/r,42
Balbriggan,03/09/2013,,41,11,n/r,43
Balbriggan,10/06/2014,,10,1,n/r,44
Balbriggan,24/06/2014,,30,17,n/r,45
Balbriggan,08/07/2014,,31,6,n/r,46
Balbriggan,22/07/2014,,110,13,n/r,47
Balbriggan,28/07/2014,,171,23,n/r,48
Balbriggan,05/08/2014,,4884,2000,n/r,49
Balbriggan,07/08/2014,,201,23,n/r,50
Balbriggan,12/08/2014,,109,15,n/r,51
Balbriggan,19/08/2014,,203,30,n/r,52
Balbriggan,25/08/2014,,450,58,n/r,53
Balbriggan,08/09/2014,,187,37,n/r,54
Balbriggan,26/05/2015,,41,13,n/r,55
Balbriggan,02/06/2015,,109,5,n/r,56
Balbriggan,15/06/2015,,10,1,n/r,57
Balbriggan,29/06/2015,,10,1,n/r,58
Balbriggan,08/07/2015,,75,25,n/r,59
Balbriggan,13/07/2015,,10,5,n/r,60
Balbriggan,27/07/2015,,216,110,n/r,61
Balbriggan,10/08/2015,,10,6,n/r,62
Balbriggan,24/08/2015,,959,280,n/r,63
Balbriggan,07/09/2015,,146,49,n/r,64
Balbriggan,31/05/2016,,441,41,Good,65
Balbriggan,07/06/2016,,10,1,Excellent,66
Balbriggan,14/06/2016,,10,1,Excellent,67
Balbriggan,20/06/2016,,52,9,Excellent,68
Balbriggan,28/06/2016,,275,15,Good,69
Balbriggan,04/07/2016,,10,4,Excellent,70
Balbriggan,18/07/2016,,31,5,Excellent,71
Balbriggan,02/08/2016,,175,25,Excellent,72
Balbriggan,15/08/2016,,41,15,Excellent,73
Balbriggan,29/08/2016,,20,4,Excellent,74
Balbriggan,12/09/2016,,173,17,Excellent,75
Balbriggan,22/05/2017,,31,4,Excellent,76
Balbriggan,06/06/2017,,10,17,Excellent,77
Balbriggan,19/06/2017,,134,34,Excellent,78
Balbriggan,03/07/2017,,30,10,Excellent,79
Balbriggan,18/07/2017,,31,52,Excellent,80
Donabate,10/05/2010,73,9,6,n/r,81
Donabate,11/05/2010,73,30,0,n/r,82
Donabate,18/05/2010,27,9,9,n/r,83
Donabate,25/05/2010,27,9,11,n/r,84
Donabate,31/05/2010,9,9,1,n/r,85
Donabate,08/06/2010,2600,520,110,n/r,86
Donabate,09/06/2010,2014,602,20,n/r,87
Donabate,14/06/2010,64,18,11,n/r,88
Donabate,21/06/2010,9,9,1,n/r,89
Donabate,22/06/2010,31,20,11,n/r,90
Donabate,29/06/2010,9,9,1,n/r,91
Donabate,06/07/2010,9,9,1,n/r,92
Donabate,07/07/2010,9,6,96,n/r,93
Donabate,08/07/2010,10,10,0,n/r,94
Donabate,13/07/2010,55,45,46,n/r,95
Donabate,20/07/2010,27,9,5,n/r,96
Donabate,21/07/2010,63,10,6,n/r,97
Donabate,26/07/2010,27,9,7,n/r,98
Donabate,03/08/2010,173,109,43,n/r,99
Donabate,05/08/2010,10,10,4,n/r,100
Donabate,09/08/2010,82,45,92,n/r,101
Donabate,16/08/2010,18,9,15,n/r,102
Donabate,18/08/2010,20,10,25,n/r,103
Donabate,23/08/2010,2800,2000,128,n/r,104
Donabate,30/08/2010,36,9,1,n/r,105
Donabate,08/09/2010,1529,457,580,n/r,106
Donabate,13/09/2010,118,18,23,n/r,107
Donabate,30/05/2012,,10,3,n/r,108
Donabate,13/06/2012,,10,5,n/r,109
Donabate,18/06/2012,,10,5,n/r,110
Donabate,02/07/2012,,20,4,n/r,111
Donabate,17/07/2012,,121,21,n/r,112
Donabate,31/07/2012,,10,3,n/r,113
Donabate,14/08/2012,,41,8,n/r,114
Donabate,28/08/2012,,31,20,n/r,115
Donabate,22/05/2013,,10,1,n/r,116
Donabate,26/05/2013,,10,2,n/r,117
Donabate,04/06/2013,,10,1,n/r,118
Donabate,19/06/2013,,10,1,n/r,119
Donabate,02/07/2013,,10,2,n/r,120
Donabate,17/07/2013,,10,4,n/r,121
Donabate,06/08/2013,,144,15,n/r,122
Donabate,19/08/2013,,20,33,n/r,123
Donabate,03/09/2013,,41,17,n/r,124
Donabate,10/06/2014,,10,4,n/r,125
Donabate,24/06/2014,,10,1,n/r,126
Donabate,08/07/2014,,74,5,n/r,127
Donabate,22/07/2014,,10,2,n/r,128
Donabate,28/07/2014,,10,8,n/r,129
Donabate,05/08/2014,,31,46,n/r,130
Donabate,07/08/2014,,0,0,n/r,131
Donabate,12/08/2014,,0,0,n/r,132
Donabate,19/08/2014,,10,3,n/r,133
Donabate,25/08/2014,,10,4,n/r,134
Donabate,08/09/2014,,20,13,n/r,135
Donabate,26/05/2015,,288,11,n/r,136
Donabate,02/06/2015,,31,300,n/r,137
Donabate,04/06/2015,,10,1,n/r,138
Donabate,15/06/2015,,41,34,n/r,139
Donabate,29/06/2015,,10,340,n/r,140
Donabate,01/07/2015,,20,25,n/r,141
Donabate,08/07/2015,,52,42,n/r,142
Donabate,13/07/2015,,20,28,n/r,143
Donabate,27/07/2015,,31,5,n/r,144
Donabate,10/08/2015,,10,1,n/r,145
Donabate,24/08/2015,,20,6,n/r,146
Donabate,07/09/2015,,161,9,n/r,147
Donabate,31/05/2016,,10,1,Excellent,148
Donabate,14/06/2016,,30,3,Excellent,149
Donabate,20/06/2016,,231,93,Excellent,150
Donabate,28/06/2016,,624,600,Sufficient,151
Donabate,01/07/2016,,10,22,Excellent,152
Donabate,04/07/2016,,52,41,Excellent,153
Donabate,18/07/2016,,122,95,Excellent,154
Donabate,02/08/2016,,75,80,Excellent,155
Donabate,04/08/2016,,146,350,Excellent,156
Donabate,15/08/2016,,148,14,Excellent,157
Donabate,29/08/2016,,10,8,Excellent,158
Donabate,12/09/2016,,10,1,Excellent,159
Donabate,22/05/2017,,98,210,Excellent,160
Donabate,06/06/2017,,10,2,Excellent,161
Donabate,19/06/2017,,10,3,Excellent,162
Donabate,03/07/2017,,10,11,Excellent,163
Donabate,18/07/2017,,20,25,Excellent,164
Howth - Claremont,10/05/2010,400,109,nr,n/r ,165
Howth - Claremont,11/05/2010,816,171,50,n/r ,166
Howth - Claremont,18/05/2010,9,9,nr,n/r ,167
Howth - Claremont,24/05/2010,528,181,82,n/r ,168
Howth - Claremont,25/05/2010,2300,350,nr,n/r ,169
Howth - Claremont,31/05/2010,9,9,nr,n/r ,170
Howth - Claremont,08/06/2010,230,36,nr,n/r ,171
Howth - Claremont,09/06/2010,6867,1785,211,n/r ,172
Howth - Claremont,14/06/2010,136,55,nr,n/r ,173
Howth - Claremont,21/06/2010,290,18,nr,n/r ,174
Howth - Claremont,22/06/2010,644,110,34,n/r ,175
Howth - Claremont,29/06/2010,27,9,nr,n/r ,176
Howth - Claremont,06/07/2010,9,9,nr,n/r ,177
Howth - Claremont,07/07/2010,2200,1473,nr,n/r ,178
Howth - Claremont,08/07/2010,5794,1674,138,n/r ,179
Howth - Claremont,13/07/2010,91,36,nr,n/r ,180
Howth - Claremont,20/07/2010,109,18,nr,n/r ,181
Howth - Claremont,21/07/2010,259,97,14,n/r ,182
Howth - Claremont,26/07/2010,27,9,nr,n/r ,183
Howth - Claremont,03/08/2010,91,64,nr,n/r ,184
Howth - Claremont,06/08/2010,10,10,14,n/r ,185
Howth - Claremont,09/08/2010,109,109,nr,n/r ,186
Howth - Claremont,16/08/2010,220,27,nr,n/r ,187
Howth - Claremont,18/08/2010,12997,2481,480,n/r ,188
Howth - Claremont,23/08/2010,490,64,nr,n/r ,189
Howth - Claremont,30/08/2010,9,9,nr,n/r ,190
Howth - Claremont,13/09/2010,250,64,nr,n/r ,191
Howth - Claremont,30/05/2012,,41,5,n/r ,192
Howth - Claremont,13/06/2012,,20,2,n/r ,193
Howth - Claremont,18/06/2012,,10,2,n/r ,194
Howth - Claremont,02/07/2012,,10,46,n/r ,195
Howth - Claremont,17/07/2012,,121,12,n/r ,196
Howth - Claremont,31/07/2012,,41,8,n/r ,197
Howth - Claremont,14/08/2012,,10,1,n/r ,198
Howth - Claremont,28/08/2012,,146,91,n/r ,199
Howth - Claremont,22/05/2013,,10,1,n/r ,200
Howth - Claremont,26/05/2013,,52,4,n/r ,201
Howth - Claremont,04/06/2013,,10,1,n/r ,202
Howth - Claremont,19/06/2013,,122,26,n/r ,203
Howth - Claremont,02/07/2013,,20,1,n/r ,204
Howth - Claremont,17/07/2013,,20,12,n/r ,205
Howth - Claremont,06/08/2013,,85,34,n/r ,206
Howth - Claremont,19/08/2013,,246,230,n/r ,207
Howth - Claremont,03/09/2013,,20,2,n/r ,208
Howth - Claremont,10/06/2014,,41,2,n/r ,209
Howth - Claremont,24/06/2014,,181,5,n/r ,210
Howth - Claremont,08/07/2014,,52,48,n/r ,211
Howth - Claremont,22/07/2014,,41,7,n/r ,212
Howth - Claremont,28/07/2014,,74,63,n/r ,213
Howth - Claremont,05/08/2014,,218,128,n/r ,214
Howth - Claremont,07/08/2014,,n/r,n/r,n/r ,215
Howth - Claremont,12/08/2014,,n/r,n/r,n/r ,216
Howth - Claremont,19/08/2014,,175,16,n/r ,217
Howth - Claremont,25/08/2014,,98,10,n/r ,218
Howth - Claremont,08/09/2014,,10,15,n/r ,219
Howth - Claremont,26/05/2015,,961,280,n/r ,220
Howth - Claremont,02/06/2015,,1014,6,n/r ,221
Howth - Claremont,04/06/2015,,10,13,n/r ,222
Howth - Claremont,15/06/2015,,63,15,n/r ,223
Howth - Claremont,29/06/2015,,10,1,n/r ,224
Howth - Claremont,08/07/2015,,809,67,n/r ,225
Howth - Claremont,13/07/2015,,10,5,n/r ,226
Howth - Claremont,27/07/2015,,201,77,n/r ,227
Howth - Claremont,10/08/2015,,31,6,n/r ,228
Howth - Claremont,24/08/2015,,259,127,n/r ,229
Howth - Claremont,07/09/2015,,41,5,n/r ,230
Howth - Claremont,31/05/2016,,86,7,Excellent,231
Howth - Claremont,07/06/2016,,20,5,Excellent,232
Howth - Claremont,14/06/2016,,10,1,Excellent,233
Howth - Claremont,20/06/2016,,31,5,Excellent,234
Howth - Claremont,28/06/2016,,158,22,Excellent,235
Howth - Claremont,04/07/2016,,20,3,Excellent,236
Howth - Claremont,18/07/2016,,75,10,Excellent,237
Howth - Claremont,02/08/2016,,108,18,Excellent,238
Howth - Claremont,15/08/2016,,187,32,Excellent,239
Howth - Claremont,29/08/2016,,86,9,Excellent,240
Howth - Claremont,12/09/2016,,10,3,Excellent,241
Howth - Claremont,22/05/2017,,10,9,Excellent,242
Howth - Claremont,06/06/2017,,52,77,Excellent,243
Howth - Claremont,19/06/2017,,31,14,Excellent,244
Howth - Claremont,03/07/2017,,410,70,Good,245
Howth - Claremont,18/07/2017,,121,28,Excellent,246
Howth - Claremont,03/08/2017,,175,15,Excellent,247
Loughshinny,10/05/2010,9,9,9,n/r,248
Loughshinny,11/05/2010,211,41,5,n/r,249
Loughshinny,18/05/2010,9,64,6,n/r,250
Loughshinny,25/05/2010,4200,2700,190,n/r,251
Loughshinny,31/05/2010,18,9,3,n/r,252
Loughshinny,08/06/2010,164,91,27,n/r,253
Loughshinny,09/06/2010,109,63,4,n/r,254
Loughshinny,14/06/2010,27,18,43,n/r,255
Loughshinny,21/06/2010,9,9,15,n/r,256
Loughshinny,22/06/2010,41,10,1,n/r,257
Loughshinny,28/06/2010,18,64,10,n/r,258
Loughshinny,06/07/2010,250,173,46,n/r,259
Loughshinny,07/07/2010,173,55,47,n/r,260
Loughshinny,08/07/2010,20,20,2,n/r,261
Loughshinny,13/07/2010,73,18,7,n/r,262
Loughshinny,20/07/2010,82,45,7,n/r,263
Loughshinny,21/07/2010,63,10,3,n/r,264
Loughshinny,26/07/2010,145,18,15,n/r,265
Loughshinny,03/08/2010,36,27,4,n/r,266
Loughshinny,05/08/2010,197,63,42,n/r,267
Loughshinny,09/08/2010,550,55,360,n/r,268
Loughshinny,16/08/2010,9,9,3,n/r,269
Loughshinny,18/08/2010,20,10,12,n/r,270
Loughshinny,23/08/2010,5400,1255,760,n/r,271
Loughshinny,30/08/2010,55,27,14,n/r,272
Loughshinny,08/09/2010,1860,15531,820,n/r,273
Loughshinny,13/09/2010,200,45,8,n/r,274
Loughshinny,30/05/2012,,20,8,n/r ,275
Loughshinny,13/06/2012,,10,3,n/r ,276
Loughshinny,18/06/2012,,52,12,n/r ,277
Loughshinny,02/07/2012,,175,125,n/r ,278
Loughshinny,17/07/2012,,52,27,n/r ,279
Loughshinny,31/07/2012,,97,80,n/r ,280
Loughshinny,14/08/2012,,187,83,n/r ,281
Loughshinny,28/08/2012,,135,15,n/r ,282
Loughshinny,22/05/2013,,20,1,n/r ,283
Loughshinny,26/05/2013,,243,12,n/r ,284
Loughshinny,04/06/2013,,10,4,n/r ,285
Loughshinny,19/06/2013,,10,2,n/r ,286
Loughshinny,02/07/2013,,109,46,n/r ,287
Loughshinny,17/07/2013,,31,8,n/r ,288
Loughshinny,06/08/2013,,63,15,n/r ,289
Loughshinny,19/08/2013,,62,10,n/r ,290
Loughshinny,03/09/2013,,31,3,n/r ,291
Loughshinny,10/06/2014,,435,310,n/r ,292
Loughshinny,24/06/2014,,20,4,n/r ,293
Loughshinny,08/07/2014,,10,1,n/r ,294
Loughshinny,22/07/2014,,171,34,n/r ,295
Loughshinny,28/07/2014,,20,4,n/r ,296
Loughshinny,05/08/2014,,5794,2000,n/r ,297
Loughshinny,07/08/2014,,30,13,n/r ,298
Loughshinny,12/08/2014,,908,610,n/r ,299
Loughshinny,18/08/2014,,108,11,n/r ,300
Loughshinny,19/08/2014,,145,12,n/r ,301
Loughshinny,25/08/2014,,393,220,n/r ,302
Loughshinny,08/09/2014,,52,157,n/r ,303
Loughshinny,26/05/2015,,10,3,n/r ,304
Loughshinny,02/06/2015,,1354,940,n/r ,305
Loughshinny,02/06/2015,,63,60,n/r ,306
Loughshinny,02/06/2015,,63,60,n/r ,307
Loughshinny,15/06/2015,,10,45,n/r ,308
Loughshinny,29/06/2015,,259,12,n/r ,309
Loughshinny,08/07/2015,,109,70,n/r ,310
Loughshinny,13/07/2015,,554,44,n/r ,311
Loughshinny,27/07/2015,,185,27,n/r ,312
Loughshinny,10/08/2015,,160,220,n/r ,313
Loughshinny,24/08/2015,,158,39,n/r ,314
Loughshinny,07/09/2015,,52,2,n/r ,315
Loughshinny,23/05/2016,,10,2,Excellent,316
Loughshinny,31/05/2016,,10,2,Excellent,317
Loughshinny,07/06/2016,,10,8,Excellent,318
Loughshinny,14/06/2016,,20,5,Excellent,319
Loughshinny,20/06/2016,,10,16,Excellent,320
Loughshinny,28/06/2016,,108,6,Excellent,321
Loughshinny,04/07/2016,,63,44,Excellent,322
Loughshinny,18/07/2016,,20,2,Excellent,323
Loughshinny,02/08/2016,,211,109,Excellent,324
Loughshinny,15/08/2016,,435,87,Good,325
Loughshinny,29/08/2016,,52,1,Excellent,326
Loughshinny,12/09/2016,,538,109,Sufficient,327
Loughshinny,22/05/2017,,20,3,Excellent,328
Loughshinny,06/06/2017,,10,6,Excellent,329
Loughshinny,19/06/2017,,10,3,Excellent,330
Loughshinny,20/06/2017,,10,3,Excellent,331
Loughshinny,03/07/2017,,63,17,Excellent,332
Loughshinny,18/07/2017,,31,4,Excellent,333
Malahide,10/05/2010,9,9,1,n/r ,334
Malahide,11/05/2010,10,10,0,n/r ,335
Malahide,18/05/2010,9,9,1,n/r ,336
Malahide,25/05/2010,9,9,3,n/r ,337
Malahide,31/05/2010,9,9,7,n/r ,338
Malahide,08/06/2010,127,27,7,n/r ,339
Malahide,09/06/2010,144,10,2,n/r ,340
Malahide,14/06/2010,9,9,7,n/r ,341
Malahide,21/06/2010,9,9,3,n/r ,342
Malahide,22/06/2010,20,10,6,n/r ,343
Malahide,29/06/2010,9,9,1,n/r ,344
Malahide,06/07/2010,1064,370,90,n/r ,345
Malahide,07/07/2010,73,9,29,n/r ,346
Malahide,08/07/2010,10,10,8,n/r ,347
Malahide,13/07/2010,27,45,4,n/r ,348
Malahide,20/07/2010,64,55,41,n/r ,349
Malahide,21/07/2010,934,145,8,n/r ,350
Malahide,26/07/2010,18,27,5,n/r ,351
Malahide,03/08/2010,420,55,95,n/r ,352
Malahide,05/08/2010,216,63,3,n/r ,353
Malahide,09/08/2010,45,82,39,n/r ,354
Malahide,16/08/2010,330,27,6,n/r ,355
Malahide,18/08/2010,145,85,12,n/r ,356
Malahide,23/08/2010,260,27,15,n/r ,357
Malahide,30/08/2010,9,9,2,n/r ,358
Malahide,08/09/2010,2755,987,500,n/r ,359
Malahide,13/09/2010,18,9,5,n/r ,360
Malahide,30/05/2012,,10,1,n/r ,361
Malahide,13/06/2012,,10,1,n/r ,362
Malahide,18/06/2012,,10,1,n/r ,363
Malahide,02/07/2012,,52,19,n/r ,364
Malahide,17/07/2012,,31,1,n/r ,365
Malahide,31/07/2012,,20,18,n/r ,366
Malahide,14/08/2012,,10,4,n/r ,367
Malahide,28/08/2012,,20,2,n/r ,368
Malahide,22/05/2013,,52,63,n/r ,369
Malahide,26/05/2013,,52,13,n/r ,370
Malahide,04/06/2013,,10,1,n/r ,371
Malahide,19/06/2013,,10,2,n/r ,372
Malahide,02/07/2013,,10,1,n/r ,373
Malahide,17/07/2013,,10,1,n/r ,374
Malahide,06/08/2013,,52,7,n/r ,375
Malahide,19/08/2013,,52,8,n/r ,376
Malahide,03/09/2013,,10,3,n/r ,377
Malahide,10/06/2014,,20,15,n/r ,378
Malahide,24/06/2014,,10,4,n/r ,379
Malahide,08/07/2014,,31,13,n/r ,380
Malahide,22/07/2014,,10,2,n/r ,381
Malahide,28/07/2014,,156,63,n/r ,382
Malahide,05/08/2014,,52,13,n/r ,383
Malahide,07/08/2014,,n/r,n/r,n/r ,384
Malahide,19/08/2014,,2481,290,n/r ,385
Malahide,18/08/2014,,n/r,n/r,n/r ,386
Malahide,25/08/2014,,20,16,n/r ,387
Malahide,08/09/2014,,10,2,n/r ,388
Malahide,26/05/2015,,20,1,n/r ,389
Malahide,02/06/2015,,10,11,n/r ,390
Malahide,15/06/2015,,10,35,n/r ,391
Malahide,29/06/2015,,20,10,n/r ,392
Malahide,08/07/2015,,31,8,n/r ,393
Malahide,13/07/2015,,10,1,n/r ,394
Malahide,27/07/2015,,41,19,n/r ,395
Malahide,10/08/2015,,10,1,n/r ,396
Malahide,24/08/2015,,30,6,n/r ,397
Malahide,07/09/2015,,75,470,n/r ,398
Malahide Beach,31/05/2016,,41,4,Excellent,399
Malahide Beach,14/06/2016,,51,12,Excellent,400
Malahide Beach,20/06/2016,,20,3,Excellent,401
Malahide Beach,28/06/2016,,20,11,Excellent,402
Malahide Beach,04/07/2016,,10,9,Excellent,403
Malahide Beach,18/07/2016,,10,5,Excellent,404
Malahide Beach,02/08/2016,,31,71,Excellent,405
Malahide Beach,15/08/2016,,31,7,Excellent,406
Malahide Beach,29/08/2016,,10,5,Excellent,407
Malahide Beach,12/09/2016,,146,37,Excellent,408
Malahide Beach,22/05/2017,,86,21,Excellent,409
Malahide Beach,06/06/2017,,31,4,Excellent,410
Malahide Beach,19/06/2017,,63,3,Excellent,411
Malahide Beach,20/06/2017,,63,3,Excellent,412
Malahide Beach,20/06/2017,,63,3,Excellent,413
Malahide Beach,03/07/2017,,31,50,Excellent,414
Malahide Beach,18/07/2017,,31,20,Excellent,415
Portmarnock,10/05/2010,18,9,5,n/r ,416
Portmarnock,11/05/2010,10,10,7,n/r ,417
Portmarnock,18/05/2010,9,9,9,n/r ,418
Portmarnock,25/05/2010,27,9,5,n/r ,419
Portmarnock,31/05/2010,9,9,1,n/r ,420
Portmarnock,08/06/2010,1255,1282,500,n/r ,421
Portmarnock,09/06/2010,98,63,33,n/r ,422
Portmarnock,14/06/2010,91,9,11,n/r ,423
Portmarnock,21/06/2010,9,9,5,n/r ,424
Portmarnock,22/06/2010,10,10,10,n/r ,425
Portmarnock,29/06/2010,320,155,114,n/r ,426
Portmarnock,06/07/2010,9,9,8,n/r ,427
Portmarnock,07/07/2010,55,36,11,n/r ,428
Portmarnock,08/07/2010,10,10,0,n/r ,429
Portmarnock,13/07/2010,73,18,18,n/r ,430
Portmarnock,20/07/2010,9,9,5,n/r ,431
Portmarnock,21/07/2010,2755,41,7,n/r ,432
Portmarnock,26/07/2010,18,9,1,n/r ,433
Portmarnock,03/08/2010,1191,300,50,n/r ,434
Portmarnock,05/08/2010,776,169,12,n/r ,435
Portmarnock,09/08/2010,136,55,32,n/r ,436
Portmarnock,16/08/2010,9,9,8,n/r ,437
Portmarnock,18/08/2010,31,10,0,n/r ,438
Portmarnock,23/08/2010,900,82,38,n/r ,439
Portmarnock,27/08/2010,30,10,2,n/r ,440
Portmarnock,30/08/2010,9,9,1,n/r ,441
Portmarnock,08/09/2010,537,173,93,n/r ,442
Portmarnock,30/05/2012,,10,4,n/r ,443
Portmarnock,13/06/2012,,10,1,n/r ,444
Portmarnock,18/06/2012,,41,3,n/r ,445
Portmarnock,02/07/2012,,52,55,n/r ,446
Portmarnock,17/07/2012,,10,10,n/r ,447
Portmarnock,31/07/2012,,51,17,n/r ,448
Portmarnock,14/08/2012,,41,15,n/r ,449
Portmarnock,28/08/2012,,20,22,n/r ,450
Portmarnock,22/05/2013,,10,1,n/r ,451
Portmarnock,26/05/2013,,10,1,n/r ,452
Portmarnock,04/06/2013,,10,1,n/r ,453
Portmarnock,19/06/2013,,10,1,n/r ,454
Portmarnock,02/07/2013,,10,7,n/r ,455
Portmarnock,17/07/2013,,20,5,n/r ,456
Portmarnock,06/08/2013,,10,13,n/r ,457
Portmarnock,19/08/2013,,457,29,n/r ,458
Portmarnock,03/09/2013,,20,5,n/r ,459
Portmarnock,10/06/2014,,98,64,n/r ,460
Portmarnock,24/06/2014,,121,67,n/r ,461
Portmarnock,08/07/2014,,10,20,n/r ,462
Portmarnock,22/07/2014,,20,1,n/r ,463
Portmarnock,28/07/2014,,10,1,n/r ,464
Portmarnock,05/08/2014,,75,9,n/r ,465
Portmarnock,07/08/2014,,0,0,n/r ,466
Portmarnock,19/08/2014,,41,5,n/r ,467
Portmarnock,25/08/2014,,20,18,n/r ,468
Portmarnock,08/09/2014,,20,4,n/r ,469
Portmarnock,26/05/2015,,10,4,n/r ,470
Portmarnock,02/06/2015,,41,69,n/r ,471
Portmarnock,15/06/2015,,10,1,n/r ,472
Portmarnock,29/06/2015,,10,1,n/r ,473
Portmarnock,08/07/2015,,74,15,n/r ,474
Portmarnock,13/07/2015,,10,2,n/r ,475
Portmarnock,27/07/2015,,20,4,n/r ,476
Portmarnock,10/08/2015,,10,2,n/r ,477
Portmarnock,24/08/2015,,20,33,n/r ,478
Portmarnock,07/09/2015,,20,9,n/r ,479
Portmarnock Beach,31/05/2016,,10,1,Excellent,480
Portmarnock Beach,07/06/2016,,10,3,Excellent,481
Portmarnock Beach,14/06/2016,,213,30,Excellent,482
Portmarnock Beach,20/06/2016,,63,60,Excellent,483
Portmarnock Beach,28/06/2016,,20,4,Excellent,484
Portmarnock Beach,04/07/2016,,209,87,Excellent,485
Portmarnock Beach,18/07/2016,,10,1,Excellent,486
Portmarnock Beach,02/08/2016,,84,25,Excellent,487
Portmarnock Beach,15/08/2016,,10,1,Excellent,488
Portmarnock Beach,29/08/2016,,10,5,Excellent,489
Portmarnock Beach,12/09/2016,,20,3,Excellent,490
Portmarnock Beach,22/05/2017,,10,9,Excellent,491
Portmarnock Beach,06/06/2017,,10,1,Excellent,492
Portmarnock Beach,19/06/2017,,63,5,Excellent,493
Portmarnock Beach,19/06/2017,,63,5,Excellent,494
Portmarnock Beach,03/07/2017,,10,2,Excellent,495
Portmarnock Beach,18/07/2017,,132,25,Excellent,496
Portrane - Burrow (The Brook),10/05/2010,390,100,30,n/r ,497
Portrane - Burrow (The Brook),11/05/2010,10,10,0,n/r ,498
Portrane - Burrow (The Brook),18/05/2010,9,9,1,n/r ,499
Portrane - Burrow (The Brook),25/05/2010,100,9,50,n/r ,500
Portrane - Burrow (The Brook),31/05/2010,9,9,1,n/r ,501
Portrane - Burrow (The Brook),08/06/2010,770,290,70,n/r ,502
Portrane - Burrow (The Brook),09/06/2010,1553,428,28,n/r ,503
Portrane - Burrow (The Brook),14/06/2010,45,18,95,n/r ,504
Portrane - Burrow (The Brook),21/06/2010,209,73,32,n/r ,505
Portrane - Burrow (The Brook),22/06/2010,63,20,1,n/r ,506
Portrane - Burrow (The Brook),29/06/2010,18,18,1,n/r ,507
Portrane - Burrow (The Brook),06/07/2010,9,9,2,n/r ,508
Portrane - Burrow (The Brook),07/07/2010,73,73,15,n/r ,509
Portrane - Burrow (The Brook),08/07/2010,10,10,0,n/r ,510
Portrane - Burrow (The Brook),13/07/2010,73,9,57,n/r ,511
Portrane - Burrow (The Brook),20/07/2010,18,9,4,n/r ,512
Portrane - Burrow (The Brook),21/07/2010,10,10,10,n/r ,513
Portrane - Burrow (The Brook),26/07/2010,9,9,84,n/r ,514
Portrane - Burrow (The Brook),03/08/2010,136,18,15,n/r ,515
Portrane - Burrow (The Brook),05/08/2010,31,20,7,n/r ,516
Portrane - Burrow (The Brook),09/08/2010,410,230,250,n/r ,517
Portrane - Burrow (The Brook),16/08/2010,9,9,11,n/r ,518
Portrane - Burrow (The Brook),18/08/2010,20,10,5,n/r ,519
Portrane - Burrow (The Brook),23/08/2010,210,27,122,n/r ,520
Portrane - Burrow (The Brook),30/08/2010,9,9,7,n/r ,521
Portrane - Burrow (The Brook),08/09/2010,3448,488,70,n/r ,522
Portrane - Burrow (The Brook),13/09/2010,164,36,8,n/r ,523
Portrane - Burrow (The Brook),30/05/2012,,10,2,n/r ,524
Portrane - Burrow (The Brook),13/06/2012,,10,2,n/r ,525
Portrane - Burrow (The Brook),18/06/2012,,10,1,n/r ,526
Portrane - Burrow (The Brook),02/07/2012,,10,1,n/r ,527
Portrane - Burrow (The Brook),17/07/2012,,30,16,n/r ,528
Portrane - Burrow (The Brook),31/07/2012,,20,5,n/r ,529
Portrane - Burrow (The Brook),14/08/2012,,20,2,n/r ,530
Portrane - Burrow (The Brook),28/08/2012,,20,15,n/r ,531
Portrane - Burrow (The Brook),22/05/2013,,10,1,n/r ,532
Portrane - Burrow (The Brook),26/05/2013,,41,15,n/r ,533
Portrane - Burrow (The Brook),04/06/2013,,10,1,n/r ,534
Portrane - Burrow (The Brook),19/06/2013,,10,1,n/r ,535
Portrane - Burrow (The Brook),02/07/2013,,31,3,n/r ,536
Portrane - Burrow (The Brook),17/07/2013,,31,10,n/r ,537
Portrane - Burrow (The Brook),06/08/2013,,10,3,n/r ,538
Portrane - Burrow (The Brook),19/08/2013,,52,6,n/r ,539
Portrane - Burrow (The Brook),03/09/2013,,10,6,n/r ,540
Portrane - Burrow (The Brook),10/06/2014,,10,1,n/r ,541
Portrane - Burrow (The Brook),24/06/2014,,10,1,n/r ,542
Portrane - Burrow (The Brook),08/07/2014,,10,5,n/r ,543
Portrane - Burrow (The Brook),22/07/2014,,98,17,n/r ,544
Portrane - Burrow (The Brook),28/07/2014,,10,1,n/r ,545
Portrane - Burrow (The Brook),05/08/2014,,6488,1250,n/r ,546
Portrane - Burrow (The Brook),07/08/2014,,31,17,n/r ,547
Portrane - Burrow (The Brook),12/08/2014,,146,85,n/r ,548
Portrane - Burrow (The Brook),19/08/2014,,10,1,n/r ,549
Portrane - Burrow (The Brook),25/08/2014,,97,35,n/r ,550
Portrane - Burrow (The Brook),08/09/2014,,238,460,n/r ,551
Portrane - Burrow (The Brook),10/09/2014,,10,5,n/r ,552
Portrane - Burrow (The Brook),26/05/2015,,10,4,n/r ,553
Portrane - Burrow (The Brook),02/06/2015,,218,360,n/r ,554
Portrane - Burrow (The Brook),04/06/2015,,20,1,n/r ,555
Portrane - Burrow (The Brook),15/06/2015,,20,4,n/r ,556
Portrane - Burrow (The Brook),29/06/2015,,10,2,n/r ,557
Portrane - Burrow (The Brook),08/07/2015,,10,5,n/r ,558
Portrane - Burrow (The Brook),13/07/2015,,52,30,n/r ,559
Portrane - Burrow (The Brook),27/07/2015,,31,12,n/r ,560
Portrane - Burrow (The Brook),10/08/2015,,487,121,n/r ,561
Portrane - Burrow (The Brook),24/08/2015,,10,5,n/r ,562
Portrane - Burrow (The Brook),07/09/2015,,10,1,n/r ,563
Portrane - Burrow (The Brook),31/05/2016,,20,115,Excellent,564
Portrane - Burrow (The Brook),14/06/2016,,10,1,Excellent,565
Portrane - Burrow (The Brook),20/06/2016,,20,61,Excellent,566
Portrane - Burrow (The Brook),28/06/2016,,52,37,Excellent,567
Portrane - Burrow (The Brook),04/07/2016,,1789,2000,Poor Water,568
Portrane - Burrow (The Brook),07/07/2016,,10,8,Excellent,569
Portrane - Burrow (The Brook),18/07/2016,,63,43,Excellent,570
Portrane - Burrow (The Brook),02/08/2016,,199,360,Excellent,571
Portrane - Burrow (The Brook),08/08/2016,,10,1,Excellent,572
Portrane - Burrow (The Brook),15/08/2016,,74,16,Excellent,573
Portrane - Burrow (The Brook),29/08/2016,,20,15,Excellent,574
Portrane - Burrow (The Brook),12/09/2016,,86,12,Excellent,575
Portrane - Burrow (The Brook),22/05/2017,,63,20,Excellent,576
Portrane - Burrow (The Brook),06/06/2017,,10,1,Excellent,577
Portrane - Burrow (The Brook),19/06/2017,,10,1,Excellent,578
Portrane - Burrow (The Brook),03/07/2017,,181,180,Excellent,579
Portrane - Burrow (The Brook),18/07/2017,,52,2,Excellent,580
Portrane - Burrow (The Brook),19/06/2017,,10,1,Excellent,581
Portrane - Tower Bay,10/05/2010,700,18,nr,n/r ,582
Portrane - Tower Bay,11/05/2010,110,10,0,n/r ,583
Portrane - Tower Bay,18/05/2010,109,9,nr,n/r ,584
Portrane - Tower Bay,24/05/2010,457,134,5,n/r ,585
Portrane - Tower Bay,25/05/2010,109,208,nr,n/r ,586
Portrane - Tower Bay,31/05/2010,27,18,nr,n/r ,587
Portrane - Tower Bay,08/06/2010,1236,520,nr,n/r ,588
Portrane - Tower Bay,09/06/2010,496,185,8,n/r ,589
Portrane - Tower Bay,14/06/2010,320,82,nr,n/r ,590
Portrane - Tower Bay,21/06/2010,136,36,nr,n/r ,591
Portrane - Tower Bay,22/06/2010,73,41,3,n/r ,592
Portrane - Tower Bay,29/06/2010,45,18,nr,n/r ,593
Portrane - Tower Bay,06/07/2010,109,9,nr,n/r ,594
Portrane - Tower Bay,07/07/2010,350,64,nr,n/r ,595
Portrane - Tower Bay,08/07/2010,41,10,0,n/r ,596
Portrane - Tower Bay,13/07/2010,145,18,nr,n/r ,597
Portrane - Tower Bay,20/07/2010,82,18,nr,n/r ,598
Portrane - Tower Bay,21/07/2010,110,20,3,n/r ,599
Portrane - Tower Bay,26/07/2010,64,45,nr,n/r ,600
Portrane - Tower Bay,03/08/2010,670,82,nr,n/r ,601
Portrane - Tower Bay,05/08/2010,31,20,1,n/r ,602
Portrane - Tower Bay,09/08/2010,64,27,nr,n/r ,603
Portrane - Tower Bay,16/08/2010,55,9,nr,n/r ,604
Portrane - Tower Bay,18/08/2010,63,10,nr,n/r ,605
Portrane - Tower Bay,23/08/2010,3700,630,nr,n/r ,606
Portrane - Tower Bay,30/08/2010,340,36,nr,n/r ,607
Portrane - Tower Bay,08/09/2010,2247,420,52,n/r ,608
Portrane - Tower Bay,30/05/2012,,860,39,n/r ,609
Portrane - Tower Bay,13/06/2012,,10,5,n/r ,610
Portrane - Tower Bay,18/06/2012,,10,4,n/r ,611
Portrane - Tower Bay,02/07/2012,,10,1,n/r ,612
Portrane - Tower Bay,17/07/2012,,20,2,n/r ,613
Portrane - Tower Bay,31/07/2012,,10,5,n/r ,614
Portrane - Tower Bay,14/08/2012,,10,7,n/r ,615
Portrane - Tower Bay,28/08/2012,,41,6,n/r ,616
Portrane - Tower Bay,22/05/2013,,10,1,n/r ,617
Portrane - Tower Bay,26/05/2013,,10,1,n/r ,618
Portrane - Tower Bay,04/06/2013,,10,8,n/r ,619
Portrane - Tower Bay,19/06/2013,,10,1,n/r ,620
Portrane - Tower Bay,02/07/2013,,10,2,n/r ,621
Portrane - Tower Bay,17/07/2013,,10,8,n/r ,622
Portrane - Tower Bay,06/08/2013,,10,4,n/r ,623
Portrane - Tower Bay,19/08/2013,,10,7,n/r ,624
Portrane - Tower Bay,03/09/2013,,10,2,n/r ,625
Portrane - Tower Bay,10/06/2014,,10,1,n/r ,626
Portrane - Tower Bay,24/06/2014,,41,1,n/r ,627
Portrane - Tower Bay,08/07/2014,,10,2,n/r ,628
Portrane - Tower Bay,22/07/2014,,10,5,n/r ,629
Portrane - Tower Bay,28/07/2014,,10,5,n/r ,630
Portrane - Tower Bay,05/08/2014,,20,11,n/r ,631
Portrane - Tower Bay,07/08/2014,,0,0,n/r ,632
Portrane - Tower Bay,19/08/2014,,10,1,n/r ,633
Portrane - Tower Bay,25/08/2014,,63,11,n/r ,634
Portrane - Tower Bay,08/09/2014,,10,4,n/r ,635
Portrane - Tower Bay,26/05/2015,,n/r ,n/r ,n/r ,636
Portrane - Tower Bay,02/06/2015,,n/r ,n/r ,n/r ,637
Portrane - Tower Bay,15/06/2015,,n/r ,n/r ,n/r ,638
Portrane - Tower Bay,29/06/2015,,n/r ,n/r ,n/r ,639
Portrane - Tower Bay,08/07/2015,,n/r ,n/r ,n/r ,640
Portrane - Tower Bay,13/07/2015,,n/r ,n/r ,n/r ,641
Portrane - Tower Bay,27/07/2015,,n/r ,n/r ,n/r ,642
Portrane - Tower Bay,10/08/2015,,n/r ,n/r ,n/r ,643
Portrane - Tower Bay,24/08/2015,,n/r ,n/r ,n/r ,644
Portrane - Tower Bay,07/09/2015,,n/r ,n/r ,n/r ,645
Portrane - Tower Bay,31/05/2016,,n/r ,n/r ,n/r ,646
Portrane - Tower Bay,07/06/2016,,n/r ,n/r ,n/r ,647
Portrane - Tower Bay,14/06/2016,,n/r ,n/r ,n/r ,648
Portrane - Tower Bay,20/06/2016,,n/r ,n/r ,n/r ,649
Portrane - Tower Bay,28/06/2016,,n/r ,n/r ,n/r ,650
Portrane - Tower Bay,04/07/2016,,n/r ,n/r ,n/r ,651
Portrane - Tower Bay,18/07/2016,,n/r ,n/r ,n/r ,652
Portrane - Tower Bay,02/08/2016,,n/r ,n/r ,n/r ,653
Portrane - Tower Bay,15/08/2016,,n/r ,n/r ,n/r ,654
Portrane - Tower Bay,29/08/2016,,n/r ,n/r ,n/r ,655
Portrane - Tower Bay,12/09/2016,,n/r ,n/r ,n/r ,656
Portrane - Tower Bay,22/05/2017,,n/r ,n/r ,n/r ,657
Portrane - Tower Bay,06/06/2017,,n/r ,n/r ,n/r ,658
Portrane - Tower Bay,19/06/2017,,n/r ,n/r ,n/r ,659
Portrane - Tower Bay,03/07/2017,,n/r ,n/r ,n/r ,660
Portrane - Tower Bay,18/07/2017,,n/r ,n/r ,n/r ,661
Portrane - Tower Bay,19/06/2017,,n/r ,n/r ,n/r ,662
Rush - North Beach,10/05/2010,520,182,nr,n/r ,663
Rush - North Beach,11/05/2010,24196,10462,5600,n/r ,664
Rush - North Beach,18/05/2010,55,9,nr,n/r ,665
Rush - North Beach,19/05/2010,10,40,0,n/r ,666
Rush - North Beach,24/05/2010,259,110,110,n/r ,667
Rush - North Beach,25/05/2010,55,73,nr,n/r ,668
Rush - North Beach,31/05/2010,9,9,nr,n/r ,669
Rush - North Beach,08/06/2010,2100,580,nr,n/r ,670
Rush - North Beach,09/06/2010,767,110,67,n/r ,671
Rush - North Beach,14/06/2010,220,91,nr,n/r ,672
Rush - North Beach,21/06/2010,300,64,nr,n/r ,673
Rush - North Beach,22/06/2010,63,10,0,n/r ,674
Rush - North Beach,28/06/2010,9,9,nr,n/r ,675
Rush - North Beach,07/07/2010,210,36,nr,n/r ,676
Rush - North Beach,08/07/2010,473,86,23,n/r ,677
Rush - North Beach,13/07/2010,155,73,nr,n/r ,678
Rush - North Beach,20/07/2010,45,9,nr,n/r ,679
Rush - North Beach,21/07/2010,272,10,11,n/r ,680
Rush - North Beach,26/07/2010,700,740,nr,n/r ,681
Rush - North Beach,03/08/2010,18,9,nr,n/r ,682
Rush - North Beach,09/08/2010,955,864,nr,n/r ,683
Rush - North Beach,16/08/2010,9,9,nr,n/r ,684
Rush - North Beach,18/08/2010,41,10,5,n/r ,685
Rush - North Beach,23/08/2010,882,73,nr,n/r ,686
Rush - North Beach,30/08/2010,9,9,nr,n/r ,687
Rush - North Beach,08/09/2010,1187,121,146,n/r ,688
Rush - North Beach,13/09/2010,100,9,nr,n/r ,689
Rush - North Beach,30/05/2012,,1396,60,n/r ,690
Rush - North Beach,13/06/2012,,75,10,n/r ,691
Rush - North Beach,18/06/2012,,10,1,n/r ,692
Rush - North Beach,02/07/2012,,20,5,n/r ,693
Rush - North Beach,17/07/2012,,199,119,n/r ,694
Rush - North Beach,31/07/2012,,145,260,n/r ,695
Rush - North Beach,14/08/2012,,173,33,n/r ,696
Rush - North Beach,28/08/2012,,85,45,n/r ,697
Rush - North Beach,22/05/2013,,109,16,n/r ,698
Rush - North Beach,26/05/2013,,41,6,n/r ,699
Rush - North Beach,04/06/2013,,20,1,n/r ,700
Rush - North Beach,19/06/2013,,20,5,n/r ,701
Rush - North Beach,02/07/2013,,75,15,n/r ,702
Rush - North Beach,17/07/2013,,135,47,n/r ,703
Rush - North Beach,06/08/2013,,20,17,n/r ,704
Rush - North Beach,19/08/2013,,41,6,n/r ,705
Rush - North Beach,03/09/2013,,10,5,n/r ,706
Rush - North Beach,10/06/2014,,109,14,n/r ,707
Rush - North Beach,24/06/2014,,20,10,n/r ,708
Rush - North Beach,08/07/2014,,10,1,n/r ,709
Rush - North Beach,22/07/2014,,10,1,n/r ,710
Rush - North Beach,28/07/2014,,31,13,n/r ,711
Rush - North Beach,05/08/2014,,759,1230,n/r ,712
Rush - North Beach,19/08/2014,,160,17,n/r ,713
Rush - North Beach,25/08/2014,,1842,240,n/r ,714
Rush - North Beach,27/08/2014,,697,82,n/r ,715
Rush - North Beach,08/09/2014,,121,89,n/r ,716
Rush - North Beach,26/05/2015,,n/r ,n/r ,n/r ,717
Rush - North Beach,02/06/2015,,n/r ,n/r ,n/r ,718
Rush - North Beach,15/06/2015,,n/r ,n/r ,n/r ,719
Rush - North Beach,29/06/2015,,n/r ,n/r ,n/r ,720
Rush - North Beach,08/07/2015,,n/r ,n/r ,n/r ,721
Rush - North Beach,13/07/2015,,n/r ,n/r ,n/r ,722
Rush - North Beach,27/07/2015,,n/r ,n/r ,n/r ,723
Rush - North Beach,10/08/2015,,n/r ,n/r ,n/r ,724
Rush - North Beach,24/08/2015,,n/r ,n/r ,n/r ,725
Rush - North Beach,07/09/2015,,n/r ,n/r ,n/r ,726
Rush North Beach,31/05/2016,,31,4,Excellent,727
Rush North Beach,07/06/2016,,20,8,Excellent,728
Rush North Beach,14/06/2016,,31,10,Excellent,729
Rush North Beach,20/06/2016,,75,81,Excellent,730
Rush North Beach,28/06/2016,,30,26,Excellent,731
Rush North Beach,04/07/2016,,120,61,Excellent,732
Rush North Beach,18/07/2016,,10,3,Excellent,733
Rush North Beach,02/08/2016,,368,210,Good,734
Rush North Beach,15/08/2016,,10,1,Excellent,735
Rush North Beach,29/08/2016,,171,29,Excellent,736
Rush North Beach,12/09/2016,,2187,420,Poor Water,737
Rush North Beach,14/09/2016,,295,15,Good,738
Rush North Beach,22/05/2017,,836,95,Sufficient,739
Rush North Beach,06/06/2017,,10,24,Excellent,740
Rush North Beach,19/06/2017,,52,8,Excellent,741
Rush North Beach,19/06/2017,,52,8,Excellent,742
Rush North Beach,03/07/2017,,10,5,Excellent,743
Rush North Beach,18/07/2017,,41,11,Excellent,744
Rush - South Beach,10/05/2010,9,9,9,,745
Rush - South Beach,11/05/2010,10,10,2,,746
Rush - South Beach,18/05/2010,36,9,1,,747
Rush - South Beach,25/05/2010,620,155,28,,748
Rush - South Beach,31/05/2010,18,9,16,,749
Rush - South Beach,08/06/2010,780,310,66,,750
Rush - South Beach,09/06/2010,189,75,3,,751
Rush - South Beach,14/06/2010,9,9,9,,752
Rush - South Beach,21/06/2010,35,18,15,,753
Rush - South Beach,22/06/2010,63,10,5,,754
Rush - South Beach,28/06/2010,155,136,125,,755
Rush - South Beach,06/07/2010,9,18,6,,756
Rush - South Beach,07/07/2010,200,100,44,,757
Rush - South Beach,08/07/2010,85,41,4,,758
Rush - South Beach,13/07/2010,73,18,14,,759
Rush - South Beach,20/07/2010,18,18,6,,760
Rush - South Beach,21/07/2010,,,,,761
Rush - South Beach,26/07/2010,155,73,28,,762
Rush - South Beach,03/08/2010,9,9,3,,763
Rush - South Beach,05/08/2010,10,10,3,,764
Rush - South Beach,09/08/2010,260,27,55,,765
Rush - South Beach,16/08/2010,9,9,3,,766
Rush - South Beach,18/08/2010,52,10,12,,767
Rush - South Beach,23/08/2010,790,240,89,,768
Rush - South Beach,30/08/2010,9,9,1,,769
Rush - South Beach,08/09/2010,15531,2909,650,,770
Rush - South Beach,13/09/2010,1091,340,49,,771
Rush - South Beach,30/05/2012,,20,4,,772
Rush - South Beach,13/06/2012,,122,27,,773
Rush - South Beach,18/06/2012,,134,13,,774
Rush - South Beach,02/07/2012,,74,95,,775
Rush - South Beach,17/07/2012,,275,190,,776
Rush - South Beach,31/07/2012,,2143,840,,777
Rush - South Beach,14/08/2012,,30,23,,778
Rush - South Beach,28/08/2012,,644,186,,779
Rush - South Beach,22/05/2013,,10,1,,780
Rush - South Beach,26/05/2013,,20,1,,781
Rush - South Beach,04/06/2013,,10,2,,782
Rush - South Beach,19/06/2013,,10,1,,783
Rush - South Beach,02/07/2013,,10,2,,784
Rush - South Beach,17/07/2013,,52,20,,785
Rush - South Beach,06/08/2013,,10,1,,786
Rush - South Beach,19/08/2013,,41,11,,787
Rush - South Beach,03/09/2013,,20,3,,788
Rush - South Beach,10/06/2014,,73,190,,789
Rush - South Beach,24/06/2014,,20,84,,790
Rush - South Beach,08/07/2014,,10,1,,791
Rush - South Beach,22/07/2014,,10,4,,792
Rush - South Beach,28/07/2014,,20,46,,793
Rush - South Beach,05/08/2014,,631,290,,794
Rush - South Beach,07/08/2014,,41,79,,795
Rush - South Beach,12/08/2014,,598,440,,796
Rush - South Beach,18/08/2014,,10,1,,797
Rush - South Beach,19/08/2014,,10,11,,798
Rush - South Beach,25/08/2014,,109,101,,799
Rush - South Beach,08/09/2014,,74,20,,800
Rush - South Beach,26/05/2015,,10,1,,801
Rush - South Beach,02/06/2015,,279,53,,802
Rush - South Beach,15/06/2015,,624,15,,803
Rush - South Beach,29/06/2015,,31,53,,804
Rush - South Beach,08/07/2015,,185,490,,805
Rush - South Beach,13/07/2015,,122,49,,806
Rush - South Beach,27/07/2015,,63,15,,807
Rush - South Beach,10/08/2015,,10,5,,808
Rush - South Beach,24/08/2015,,63,25,,809
Rush - South Beach,07/09/2015,,10,1,,810
Rush South Beach,31/05/2016,,41,2,Excellent,811
Rush South Beach,14/06/2016,,31,8,Excellent,812
Rush South Beach,20/06/2016,,160,79,Excellent,813
Rush South Beach,28/06/2016,,31,18,Excellent,814
Rush South Beach,04/07/2016,,1529,800,Poor Water,815
Rush South Beach,07/07/2016,,85,42,Excellent,816
Rush South Beach,18/07/2016,,86,43,Excellent,817
Rush South Beach,02/08/2016,,52,95,Excellent,818
Rush South Beach,15/08/2016,,10,28,Excellent,819
Rush South Beach,29/08/2016,,20,33,Excellent,820
Rush South Beach,12/09/2016,,20,2,Excellent,821
Rush South Beach,14/09/2016,,74,27,Excellent,822
Rush South Beach,22/05/2017,,110,100,Excellent,823
Rush South Beach,06/06/2017,,10,14,Excellent,824
Rush South Beach,19/06/2017,,10,1,Excellent,825
Rush South Beach,19/06/2017,,10,1,Excellent,826
Rush South Beach,03/07/2017,,10,3,Excellent,827
Rush South Beach,18/07/2017,,20,10,Excellent,828
Skerries,10/05/2010,82,82,84,,829
Skerries,11/05/2010,10,10,1,,830
Skerries,18/05/2010,27,9,3,,831
Skerries,25/05/2010,210,91,51,,832
Skerries,31/05/2010,9,9,4,,833
Skerries,08/06/2010,164,64,63,,834
Skerries,09/06/2010,20,10,1,,835
Skerries,14/06/2010,145,9,8,,836
Skerries,21/06/2010,27,9,5,,837
Skerries,22/06/2010,63,20,2,,838
Skerries,28/06/2010,82,45,420,,839
Skerries,06/07/2010,9,9,5,,840
Skerries,07/07/2010,27,27,47,,841
Skerries,08/07/2010,10,10,0,,842
Skerries,13/07/2010,9,9,5,,843
Skerries,20/07/2010,36,18,2,,844
Skerries,21/07/2010,52,41,2,,845
Skerries,26/07/2010,9,9,2,,846
Skerries,03/08/2010,9,9,1,,847
Skerries,05/08/2010,161,148,0,,848
Skerries,09/08/2010,18,18,42,,849
Skerries,16/08/2010,9,9,6,,850
Skerries,18/08/2010,31,20,2,,851
Skerries,23/08/2010,9,9,5,,852
Skerries,30/08/2010,9,9,1,,853
Skerries,08/09/2010,471,160,13,,854
Skerries,13/09/2010,9,9,1,,855
Skerries,30/05/2012,,10,1,,856
Skerries,13/06/2012,,243,26,,857
Skerries,18/06/2012,,161,14,,858
Skerries,02/07/2012,,10,13,,859
Skerries,17/07/2012,,52,2,,860
Skerries,31/07/2012,,265,40,,861
Skerries,14/08/2012,,395,48,,862
Skerries,28/08/2012,,98,41,,863
Skerries,22/05/2013,,10,3,,864
Skerries,26/05/2013,,1236,21,,865
Skerries,04/06/2013,,10,1,,866
Skerries,19/06/2013,,10,1,,867
Skerries,02/07/2013,,10,21,,868
Skerries,17/07/2013,,30,7,,869
Skerries,06/08/2013,,10,1,,870
Skerries,19/08/2013,,10,46,,871
Skerries,03/09/2013,,10,2,,872
Skerries,10/06/2014,,110,17,,873
Skerries,24/06/2014,,10,3,,874
Skerries,08/07/2014,,10,3,,875
Skerries,22/07/2014,,122,15,,876
Skerries,28/07/2014,,10,22,,877
Skerries,05/08/2014,,448,460,,878
Skerries,07/08/2014,,20,4,,879
Skerries,12/08/2014,,189,210,,880
Skerries,19/08/2014,,63,1,,881
Skerries,25/08/2014,,134,39,,882
Skerries,08/09/2014,,262,63,,883
Skerries,26/05/2015,,10,1,,884
Skerries,02/06/2015,,98,64,,885
Skerries,15/06/2015,,187,16,,886
Skerries,29/06/2015,,10,1,,887
Skerries,08/07/2015,,203,10,,888
Skerries,13/07/2015,,175,16,,889
Skerries,27/07/2015,,63,17,,890
Skerries,10/08/2015,,120,4,,891
Skerries,24/08/2015,,52,13,,892
Skerries,07/09/2015,,10,1,,893
Skerries South Beach,31/05/2016,,31,1,Excellent,894
Skerries,07/06/2016,,10,3,Excellent,895
Skerries,14/06/2016,,10,3,Excellent,896
Skerries,20/06/2016,,20,46,Excellent,897
Skerries,28/06/2016,,52,31,Excellent,898
Skerries,04/07/2016,,146,20,Excellent,899
Skerries,18/07/2016,,110,32,Excellent,900
Skerries,20/07/2016,,41,12,Excellent,901
Skerries,15/08/2016,,75,15,Excellent,902
Skerries,02/08/2016,,98,92,Excellent,903
Skerries,29/08/2016,,20,2,Excellent,904
Skerries,12/09/2016,,565,54,Sufficient,905
Skerries,22/05/2017,,175,20,Excellent,906
Skerries,06/06/2017,,20,8,Excellent,907
Skerries,19/06/2017,,20,16,Excellent,908
Skerries,19/06/2017,,20,16,Excellent,909
Skerries,03/07/2017,,520,38,Sufficient,910
Skerries,18/07/2017,,31,4,Excellent,911
Sutton,10/05/2010,145,100,95,n/r ,912
Sutton,11/05/2010,10,10,0,n/r ,913
Sutton,18/05/2010,9,9,1,n/r ,914
Sutton,25/05/2010,82,27,10,n/r ,915
Sutton,31/05/2010,9,9,4,n/r ,916
Sutton,08/06/2010,127,27,12,n/r ,917
Sutton,09/06/2010,161,75,18,n/r ,918
Sutton,14/06/2010,82,73,65,n/r ,919
Sutton,21/06/2010,9,9,2,n/r ,920
Sutton,22/06/2010,52,10,1,n/r ,921
Sutton,29/06/2010,27,9,20,n/r ,922
Sutton,06/07/2010,9,9,1,n/r ,923
Sutton,07/07/2010,36,9,7,n/r ,924
Sutton,08/07/2010,63,10,10,n/r ,925
Sutton,13/07/2010,64,64,82,n/r ,926
Sutton,20/07/2010,73,45,11,n/r ,927
Sutton,21/07/2010,134,41,2,n/r ,928
Sutton,26/07/2010,18,9,5,n/r ,929
Sutton,03/08/2010,27,9,13,n/r ,930
Sutton,05/08/2010,173,63,4,n/r ,931
Sutton,09/08/2010,873,864,44,n/r ,932
Sutton,16/08/2010,45,9,10,n/r ,933
Sutton,18/08/2010,218,52,10,n/r ,934
Sutton,23/08/2010,8000,2800,440,n/r ,935
Sutton,30/08/2010,9,9,11,n/r ,936
Sutton,08/09/2010,471,160,13,n/r ,937
Sutton,13/09/2010,1036,127,37,n/r ,938
Sutton,30/05/2012,,20,6,n/r ,939
Sutton,13/06/2012,,10,6,n/r ,940
Sutton,18/06/2012,,10,1,n/r ,941
Sutton,02/07/2012,,63,34,n/r ,942
Sutton,17/07/2012,,41,8,n/r ,943
Sutton,31/07/2012,,52,4,n/r ,944
Sutton,14/08/2012,,20,5,n/r ,945
Sutton,28/08/2012,,10,12,n/r ,946
Sutton,22/05/2013,,10,1,n/r ,947
Sutton,26/05/2013,,10,6,n/r ,948
Sutton,04/06/2013,,10,1,n/r ,949
Sutton,19/06/2013,,10,2,n/r ,950
Sutton,02/07/2013,,10,14,n/r ,951
Sutton,17/07/2013,,10,2,n/r ,952
Sutton,06/08/2013,,10,68,n/r ,953
Sutton,19/08/2013,,41,4,n/r ,954
Sutton,03/09/2013,,10,3,n/r ,955
Sutton,10/06/2014,,10,40,n/r ,956
Sutton,24/06/2014,,10,2,n/r ,957
Sutton,24/06/2014,,10,2,n/r ,958
Sutton,22/07/2014,,31,2,n/r ,959
Sutton,28/07/2014,,20,1,n/r ,960
Sutton,05/08/2014,,20,7,n/r ,961
Sutton,19/08/2014,,10,1,n/r ,962
Sutton,25/08/2014,,63,20,n/r ,963
Sutton,08/09/2014,,10,8,n/r ,964
Sutton,26/05/2015,,10,6,n/r ,965
Sutton,02/06/2015,,109,67,n/r ,966
Sutton,15/06/2015,,10,1,n/r ,967
Sutton,29/06/2015,,10,1,n/r ,968
Sutton,08/07/2015,,20,57,n/r ,969
Sutton,13/07/2015,,52,5,n/r ,970
Sutton,27/07/2015,,10,13,n/r ,971
Sutton,10/08/2015,,10,7,n/r ,972
Sutton,24/08/2015,,20,20,n/r ,973
Sutton,07/09/2015,,41,5,n/r ,974
Sutton,31/05/2016,,10,1,Excellent,975
"Burrow Beach, Sutton",07/06/2016,,31,3,Excellent,976
"Burrow Beach, Sutton",09/06/2016,,10,1,Excellent,977
"Burrow Beach, Sutton",14/06/2016,,10,1,Excellent,978
"Burrow Beach, Sutton",20/06/2016,,10,11,Excellent,979
"Burrow Beach, Sutton",28/06/2016,,20,4,Excellent,980
"Burrow Beach, Sutton",29/06/2016,,10,36,Excellent,981
"Burrow Beach, Sutton",04/07/2016,,10,4,Excellent,982
"Burrow Beach, Sutton",18/07/2016,,10,1,Excellent,983
"Burrow Beach, Sutton",02/08/2016,,20,7,Excellent,984
"Burrow Beach, Sutton",15/08/2016,,97,5,Excellent,985
"Burrow Beach, Sutton",29/08/2016,,10,2,Excellent,986
"Burrow Beach, Sutton",12/09/2016,,109,10,Excellent,987
Burrow Beach Sutton,22/05/2017,,10,14,Excellent,988
Burrow Beach Sutton,06/06/2017,,10,2,Excellent,989
Burrow Beach Sutton,19/06/2017,,10,2,Excellent,990
Burrow Beach Sutton,19/06/2017,,10,2,Excellent,991
Burrow Beach Sutton,03/07/2017,,10,2,Excellent,992
Burrow Beach Sutton,18/07/2017,,10,3,Excellent,993
Ireland's Eye,27/06/2016,,10,1,Excellent,994
Balscadden Bay,27/06/2016,,10,1,Excellent,995
Loughshinny Stream A   ,23/05/2016,,3255,970,Poor Water,996
